x [pixel];y [pixel];x-displacement [pixel];y-displacement [pixel];Displacement [pixel];Transverse strain Exx - GL [S];Axial strain Eyy - GL [S];Shear strain Exy - GL [S]
655;632;0;0;0;0;0;0
678;632;0;0;0;0;0;0
701;632;0;0;0;0;0;0
724;632;0;0;0;0;0;0
747;632;0;0;0;0;0;0
770;632;0;0;0;0;0;0
793;632;0;0;0;0;0;0
816;632;0;0;0;0;0;0
839;632;0;0;0;0;0;0
862;632;0;0;0;0;0;0
885;632;0;0;0;0;0;0
908;632;0;0;0;0;0;0
931;632;0;0;0;0;0;0
954;632;0;0;0;0;0;0
977;632;0;0;0;0;0;0
1000;632;0;0;0;0;0;0
1023;632;0;0;0;0;0;0
1046;632;0;0;0;0;0;0
1069;632;0;0;0;0;0;0
1092;632;0;0;0;0;0;0
1115;632;0;0;0;0;0;0
1138;632;0;0;0;0;0;0
1161;632;0;0;0;0;0;0
1184;632;0;0;0;0;0;0
1207;632;0;0;0;0;0;0
1230;632;0;0;0;0;0;0
1253;632;0;0;0;0;0;0
1276;632;0;0;0;0;0;0
1299;632;0;0;0;0;0;0
1322;632;0;0;0;0;0;0
1345;632;0;0;0;0;0;0
1368;632;0;0;0;0;0;0
1391;632;0;0;0;0;0;0
1414;632;0;0;0;0;0;0
1437;632;0;0;0;0;0;0
1460;632;0;0;0;0;0;0
1483;632;0;0;0;0;0;0
1506;632;0;0;0;0;0;0
1529;632;0;0;0;0;0;0
1552;632;0;0;0;0;0;0
1575;632;0;0;0;0;0;0
1598;632;0;0;0;0;0;0
1621;632;0;0;0;0;0;0
655;655;0;0;0;0;0;0
678;655;0;0;0;0;0;0
701;655;0;0;0;0;0;0
724;655;0;0;0;0;0;0
747;655;0;0;0;0;0;0
770;655;0;0;0;0;0;0
793;655;0;0;0;0;0;0
816;655;0;0;0;0;0;0
839;655;0;0;0;0;0;0
862;655;0;0;0;0;0;0
885;655;0;0;0;0;0;0
908;655;0;0;0;0;0;0
931;655;0;0;0;0;0;0
954;655;0;0;0;0;0;0
977;655;0;0;0;0;0;0
1000;655;0;0;0;0;0;0
1023;655;0;0;0;0;0;0
1046;655;0;0;0;0;0;0
1069;655;0;0;0;0;0;0
1092;655;0;0;0;0;0;0
1115;655;0;0;0;0;0;0
1138;655;0;0;0;0;0;0
1161;655;0;0;0;0;0;0
1184;655;0;0;0;0;0;0
1207;655;0;0;0;0;0;0
1230;655;0;0;0;0;0;0
1253;655;0;0;0;0;0;0
1276;655;0;0;0;0;0;0
1299;655;0;0;0;0;0;0
1322;655;0;0;0;0;0;0
1345;655;0;0;0;0;0;0
1368;655;0;0;0;0;0;0
1391;655;0;0;0;0;0;0
1414;655;0;0;0;0;0;0
1437;655;0;0;0;0;0;0
1460;655;0;0;0;0;0;0
1483;655;0;0;0;0;0;0
1506;655;0;0;0;0;0;0
1529;655;0;0;0;0;0;0
1552;655;0;0;0;0;0;0
1575;655;0;0;0;0;0;0
1598;655;0;0;0;0;0;0
1621;655;0;0;0;0;0;0
655;678;0;0;0;0;0;0
678;678;0;0;0;0;0;0
701;678;0;0;0;0;0;0
724;678;0;0;0;0;0;0
747;678;0;0;0;0;0;0
770;678;0;0;0;0;0;0
793;678;0;0;0;0;0;0
816;678;0;0;0;0;0;0
839;678;0;0;0;0;0;0
862;678;0;0;0;0;0;0
885;678;0;0;0;0;0;0
908;678;0;0;0;0;0;0
931;678;0;0;0;0;0;0
954;678;0;0;0;0;0;0
977;678;0;0;0;0;0;0
1000;678;0;0;0;0;0;0
1023;678;0;0;0;0;0;0
1046;678;0;0;0;0;0;0
1069;678;0;0;0;0;0;0
1092;678;0;0;0;0;0;0
1115;678;0;0;0;0;0;0
1138;678;0;0;0;0;0;0
1161;678;0;0;0;0;0;0
1184;678;0;0;0;0;0;0
1207;678;0;0;0;0;0;0
1230;678;0;0;0;0;0;0
1253;678;0;0;0;0;0;0
1276;678;0;0;0;0;0;0
1299;678;0;0;0;0;0;0
1322;678;0;0;0;0;0;0
1345;678;0;0;0;0;0;0
1368;678;0;0;0;0;0;0
1391;678;0;0;0;0;0;0
1414;678;0;0;0;0;0;0
1437;678;0;0;0;0;0;0
1460;678;0;0;0;0;0;0
1483;678;0;0;0;0;0;0
1506;678;0;0;0;0;0;0
1529;678;0;0;0;0;0;0
1552;678;0;0;0;0;0;0
1575;678;0;0;0;0;0;0
1598;678;0;0;0;0;0;0
1621;678;0;0;0;0;0;0
655;701;0;0;0;0;0;0
678;701;0;0;0;0;0;0
701;701;0;0;0;0;0;0
724;701;0;0;0;0;0;0
747;701;0;0;0;0;0;0
770;701;0;0;0;0;0;0
793;701;0;0;0;0;0;0
816;701;0;0;0;0;0;0
839;701;0;0;0;0;0;0
862;701;0;0;0;0;0;0
885;701;0;0;0;0;0;0
908;701;0;0;0;0;0;0
931;701;0;0;0;0;0;0
954;701;0;0;0;0;0;0
977;701;0;0;0;0;0;0
1000;701;0;0;0;0;0;0
1023;701;0;0;0;0;0;0
1046;701;0;0;0;0;0;0
1069;701;0;0;0;0;0;0
1092;701;0;0;0;0;0;0
1115;701;0;0;0;0;0;0
1138;701;0;0;0;0;0;0
1161;701;0;0;0;0;0;0
1184;701;0;0;0;0;0;0
1207;701;0;0;0;0;0;0
1230;701;0;0;0;0;0;0
1253;701;0;0;0;0;0;0
1276;701;0;0;0;0;0;0
1299;701;0;0;0;0;0;0
1322;701;0;0;0;0;0;0
1345;701;0;0;0;0;0;0
1368;701;0;0;0;0;0;0
1391;701;0;0;0;0;0;0
1414;701;0;0;0;0;0;0
1437;701;0;0;0;0;0;0
1460;701;0;0;0;0;0;0
1483;701;0;0;0;0;0;0
1506;701;0;0;0;0;0;0
1529;701;0;0;0;0;0;0
1552;701;0;0;0;0;0;0
1575;701;0;0;0;0;0;0
1598;701;0;0;0;0;0;0
1621;701;0;0;0;0;0;0
655;724;0;0;0;0;0;0
678;724;0;0;0;0;0;0
701;724;0;0;0;0;0;0
724;724;0;0;0;0;0;0
747;724;0;0;0;0;0;0
770;724;0;0;0;0;0;0
793;724;0;0;0;0;0;0
816;724;0;0;0;0;0;0
839;724;0;0;0;0;0;0
862;724;0;0;0;0;0;0
885;724;0;0;0;0;0;0
908;724;0;0;0;0;0;0
931;724;0;0;0;0;0;0
954;724;0;0;0;0;0;0
977;724;0;0;0;0;0;0
1000;724;0;0;0;0;0;0
1023;724;0;0;0;0;0;0
1046;724;0;0;0;0;0;0
1069;724;0;0;0;0;0;0
1092;724;0;0;0;0;0;0
1115;724;0;0;0;0;0;0
1138;724;0;0;0;0;0;0
1161;724;0;0;0;0;0;0
1184;724;0;0;0;0;0;0
1207;724;0;0;0;0;0;0
1230;724;0;0;0;0;0;0
1253;724;0;0;0;0;0;0
1276;724;0;0;0;0;0;0
1299;724;0;0;0;0;0;0
1322;724;0;0;0;0;0;0
1345;724;0;0;0;0;0;0
1368;724;0;0;0;0;0;0
1391;724;0;0;0;0;0;0
1414;724;0;0;0;0;0;0
1437;724;0;0;0;0;0;0
1460;724;0;0;0;0;0;0
1483;724;0;0;0;0;0;0
1506;724;0;0;0;0;0;0
1529;724;0;0;0;0;0;0
1552;724;0;0;0;0;0;0
1575;724;0;0;0;0;0;0
1598;724;0;0;0;0;0;0
1621;724;0;0;0;0;0;0
655;747;0;0;0;0;0;0
678;747;0;0;0;0;0;0
701;747;0;0;0;0;0;0
724;747;0;0;0;0;0;0
747;747;0;0;0;0;0;0
770;747;0;0;0;0;0;0
793;747;0;0;0;0;0;0
816;747;0;0;0;0;0;0
839;747;0;0;0;0;0;0
862;747;0;0;0;0;0;0
885;747;0;0;0;0;0;0
908;747;0;0;0;0;0;0
931;747;0;0;0;0;0;0
954;747;0;0;0;0;0;0
977;747;0;0;0;0;0;0
1000;747;0;0;0;0;0;0
1023;747;0;0;0;0;0;0
1046;747;0;0;0;0;0;0
1069;747;0;0;0;0;0;0
1092;747;0;0;0;0;0;0
1115;747;0;0;0;0;0;0
1138;747;0;0;0;0;0;0
1161;747;0;0;0;0;0;0
1184;747;0;0;0;0;0;0
1207;747;0;0;0;0;0;0
1230;747;0;0;0;0;0;0
1253;747;0;0;0;0;0;0
1276;747;0;0;0;0;0;0
1299;747;0;0;0;0;0;0
1322;747;0;0;0;0;0;0
1345;747;0;0;0;0;0;0
1368;747;0;0;0;0;0;0
1391;747;0;0;0;0;0;0
1414;747;0;0;0;0;0;0
1437;747;0;0;0;0;0;0
1460;747;0;0;0;0;0;0
1483;747;0;0;0;0;0;0
1506;747;0;0;0;0;0;0
1529;747;0;0;0;0;0;0
1552;747;0;0;0;0;0;0
1575;747;0;0;0;0;0;0
1598;747;0;0;0;0;0;0
1621;747;0;0;0;0;0;0
655;770;0;0;0;0;0;0
678;770;0;0;0;0;0;0
701;770;0;0;0;0;0;0
724;770;0;0;0;0;0;0
747;770;0;0;0;0;0;0
770;770;0;0;0;0;0;0
793;770;0;0;0;0;0;0
816;770;0;0;0;0;0;0
839;770;0;0;0;0;0;0
862;770;0;0;0;0;0;0
885;770;0;0;0;0;0;0
908;770;0;0;0;0;0;0
931;770;0;0;0;0;0;0
954;770;0;0;0;0;0;0
977;770;0;0;0;0;0;0
1000;770;0;0;0;0;0;0
1023;770;0;0;0;0;0;0
1046;770;0;0;0;0;0;0
1069;770;0;0;0;0;0;0
1092;770;0;0;0;0;0;0
1115;770;0;0;0;0;0;0
1138;770;0;0;0;0;0;0
1161;770;0;0;0;0;0;0
1184;770;0;0;0;0;0;0
1207;770;0;0;0;0;0;0
1230;770;0;0;0;0;0;0
1253;770;0;0;0;0;0;0
1276;770;0;0;0;0;0;0
1299;770;0;0;0;0;0;0
1322;770;0;0;0;0;0;0
1345;770;0;0;0;0;0;0
1368;770;0;0;0;0;0;0
1391;770;0;0;0;0;0;0
1414;770;0;0;0;0;0;0
1437;770;0;0;0;0;0;0
1460;770;0;0;0;0;0;0
1483;770;0;0;0;0;0;0
1506;770;0;0;0;0;0;0
1529;770;0;0;0;0;0;0
1552;770;0;0;0;0;0;0
1575;770;0;0;0;0;0;0
1598;770;0;0;0;0;0;0
1621;770;0;0;0;0;0;0
655;793;0;0;0;0;0;0
678;793;0;0;0;0;0;0
701;793;0;0;0;0;0;0
724;793;0;0;0;0;0;0
747;793;0;0;0;0;0;0
770;793;0;0;0;0;0;0
793;793;0;0;0;0;0;0
816;793;0;0;0;0;0;0
839;793;0;0;0;0;0;0
862;793;0;0;0;0;0;0
885;793;0;0;0;0;0;0
908;793;0;0;0;0;0;0
931;793;0;0;0;0;0;0
954;793;0;0;0;0;0;0
977;793;0;0;0;0;0;0
1000;793;0;0;0;0;0;0
1023;793;0;0;0;0;0;0
1046;793;0;0;0;0;0;0
1069;793;0;0;0;0;0;0
1092;793;0;0;0;0;0;0
1115;793;0;0;0;0;0;0
1138;793;0;0;0;0;0;0
1161;793;0;0;0;0;0;0
1184;793;0;0;0;0;0;0
1207;793;0;0;0;0;0;0
1230;793;0;0;0;0;0;0
1253;793;0;0;0;0;0;0
1276;793;0;0;0;0;0;0
1299;793;0;0;0;0;0;0
1322;793;0;0;0;0;0;0
1345;793;0;0;0;0;0;0
1368;793;0;0;0;0;0;0
1391;793;0;0;0;0;0;0
1414;793;0;0;0;0;0;0
1437;793;0;0;0;0;0;0
1460;793;0;0;0;0;0;0
1483;793;0;0;0;0;0;0
1506;793;0;0;0;0;0;0
1529;793;0;0;0;0;0;0
1552;793;0;0;0;0;0;0
1575;793;0;0;0;0;0;0
1598;793;0;0;0;0;0;0
1621;793;0;0;0;0;0;0
655;816;0;0;0;0;0;0
678;816;0;0;0;0;0;0
701;816;0;0;0;0;0;0
724;816;0;0;0;0;0;0
747;816;0;0;0;0;0;0
770;816;0;0;0;0;0;0
793;816;0;0;0;0;0;0
816;816;0;0;0;0;0;0
839;816;0;0;0;0;0;0
862;816;0;0;0;0;0;0
885;816;0;0;0;0;0;0
908;816;0;0;0;0;0;0
931;816;0;0;0;0;0;0
954;816;0;0;0;0;0;0
977;816;0;0;0;0;0;0
1000;816;0;0;0;0;0;0
1023;816;0;0;0;0;0;0
1046;816;0;0;0;0;0;0
1069;816;0;0;0;0;0;0
1092;816;0;0;0;0;0;0
1115;816;0;0;0;0;0;0
1138;816;0;0;0;0;0;0
1161;816;0;0;0;0;0;0
1184;816;0;0;0;0;0;0
1207;816;0;0;0;0;0;0
1230;816;0;0;0;0;0;0
1253;816;0;0;0;0;0;0
1276;816;0;0;0;0;0;0
1299;816;0;0;0;0;0;0
1322;816;0;0;0;0;0;0
1345;816;0;0;0;0;0;0
1368;816;0;0;0;0;0;0
1391;816;0;0;0;0;0;0
1414;816;0;0;0;0;0;0
1437;816;0;0;0;0;0;0
1460;816;0;0;0;0;0;0
1483;816;0;0;0;0;0;0
1506;816;0;0;0;0;0;0
1529;816;0;0;0;0;0;0
1552;816;0;0;0;0;0;0
1575;816;0;0;0;0;0;0
1598;816;0;0;0;0;0;0
1621;816;0;0;0;0;0;0
655;839;0;0;0;0;0;0
678;839;0;0;0;0;0;0
701;839;0;0;0;0;0;0
724;839;0;0;0;0;0;0
747;839;0;0;0;0;0;0
770;839;0;0;0;0;0;0
793;839;0;0;0;0;0;0
816;839;0;0;0;0;0;0
839;839;0;0;0;0;0;0
862;839;0;0;0;0;0;0
885;839;0;0;0;0;0;0
908;839;0;0;0;0;0;0
931;839;0;0;0;0;0;0
954;839;0;0;0;0;0;0
977;839;0;0;0;0;0;0
1000;839;0;0;0;0;0;0
1023;839;0;0;0;0;0;0
1046;839;0;0;0;0;0;0
1069;839;0;0;0;0;0;0
1092;839;0;0;0;0;0;0
1115;839;0;0;0;0;0;0
1138;839;0;0;0;0;0;0
1161;839;0;0;0;0;0;0
1184;839;0;0;0;0;0;0
1207;839;0;0;0;0;0;0
1230;839;0;0;0;0;0;0
1253;839;0;0;0;0;0;0
1276;839;0;0;0;0;0;0
1299;839;0;0;0;0;0;0
1322;839;0;0;0;0;0;0
1345;839;0;0;0;0;0;0
1368;839;0;0;0;0;0;0
1391;839;0;0;0;0;0;0
1414;839;0;0;0;0;0;0
1437;839;0;0;0;0;0;0
1460;839;0;0;0;0;0;0
1483;839;0;0;0;0;0;0
1506;839;0;0;0;0;0;0
1529;839;0;0;0;0;0;0
1552;839;0;0;0;0;0;0
1575;839;0;0;0;0;0;0
1598;839;0;0;0;0;0;0
1621;839;0;0;0;0;0;0
655;862;0;0;0;0;0;0
678;862;0;0;0;0;0;0
701;862;0;0;0;0;0;0
724;862;0;0;0;0;0;0
747;862;0;0;0;0;0;0
770;862;0;0;0;0;0;0
793;862;0;0;0;0;0;0
816;862;0;0;0;0;0;0
839;862;0;0;0;0;0;0
862;862;0;0;0;0;0;0
885;862;0;0;0;0;0;0
908;862;0;0;0;0;0;0
931;862;0;0;0;0;0;0
954;862;0;0;0;0;0;0
977;862;0;0;0;0;0;0
1000;862;0;0;0;0;0;0
1023;862;0;0;0;0;0;0
1046;862;0;0;0;0;0;0
1069;862;0;0;0;0;0;0
1092;862;0;0;0;0;0;0
1115;862;0;0;0;0;0;0
1138;862;0;0;0;0;0;0
1161;862;0;0;0;0;0;0
1184;862;0;0;0;0;0;0
1207;862;0;0;0;0;0;0
1230;862;0;0;0;0;0;0
1253;862;0;0;0;0;0;0
1276;862;0;0;0;0;0;0
1299;862;0;0;0;0;0;0
1322;862;0;0;0;0;0;0
1345;862;0;0;0;0;0;0
1368;862;0;0;0;0;0;0
1391;862;0;0;0;0;0;0
1414;862;0;0;0;0;0;0
1437;862;0;0;0;0;0;0
1460;862;0;0;0;0;0;0
1483;862;0;0;0;0;0;0
1506;862;0;0;0;0;0;0
1529;862;0;0;0;0;0;0
1552;862;0;0;0;0;0;0
1575;862;0;0;0;0;0;0
1598;862;0;0;0;0;0;0
1621;862;0;0;0;0;0;0
655;885;0;0;0;0;0;0
678;885;0;0;0;0;0;0
701;885;0;0;0;0;0;0
724;885;0;0;0;0;0;0
747;885;0;0;0;0;0;0
770;885;0;0;0;0;0;0
793;885;0;0;0;0;0;0
816;885;0;0;0;0;0;0
839;885;0;0;0;0;0;0
862;885;0;0;0;0;0;0
885;885;0;0;0;0;0;0
908;885;0;0;0;0;0;0
931;885;0;0;0;0;0;0
954;885;0;0;0;0;0;0
977;885;0;0;0;0;0;0
1000;885;0;0;0;0;0;0
1023;885;0;0;0;0;0;0
1046;885;0;0;0;0;0;0
1069;885;0;0;0;0;0;0
1092;885;0;0;0;0;0;0
1115;885;0;0;0;0;0;0
1138;885;0;0;0;0;0;0
1161;885;0;0;0;0;0;0
1184;885;0;0;0;0;0;0
1207;885;0;0;0;0;0;0
1230;885;0;0;0;0;0;0
1253;885;0;0;0;0;0;0
1276;885;0;0;0;0;0;0
1299;885;0;0;0;0;0;0
1322;885;0;0;0;0;0;0
1345;885;0;0;0;0;0;0
1368;885;0;0;0;0;0;0
1391;885;0;0;0;0;0;0
1414;885;0;0;0;0;0;0
1437;885;0;0;0;0;0;0
1460;885;0;0;0;0;0;0
1483;885;0;0;0;0;0;0
1506;885;0;0;0;0;0;0
1529;885;0;0;0;0;0;0
1552;885;0;0;0;0;0;0
1575;885;0;0;0;0;0;0
1598;885;0;0;0;0;0;0
1621;885;0;0;0;0;0;0
655;908;0;0;0;0;0;0
678;908;0;0;0;0;0;0
701;908;0;0;0;0;0;0
724;908;0;0;0;0;0;0
747;908;0;0;0;0;0;0
770;908;0;0;0;0;0;0
793;908;0;0;0;0;0;0
816;908;0;0;0;0;0;0
839;908;0;0;0;0;0;0
862;908;0;0;0;0;0;0
885;908;0;0;0;0;0;0
908;908;0;0;0;0;0;0
931;908;0;0;0;0;0;0
954;908;0;0;0;0;0;0
977;908;0;0;0;0;0;0
1000;908;0;0;0;0;0;0
1023;908;0;0;0;0;0;0
1046;908;0;0;0;0;0;0
1069;908;0;0;0;0;0;0
1092;908;0;0;0;0;0;0
1115;908;0;0;0;0;0;0
1138;908;0;0;0;0;0;0
1161;908;0;0;0;0;0;0
1184;908;0;0;0;0;0;0
1207;908;0;0;0;0;0;0
1230;908;0;0;0;0;0;0
1253;908;0;0;0;0;0;0
1276;908;0;0;0;0;0;0
1299;908;0;0;0;0;0;0
1322;908;0;0;0;0;0;0
1345;908;0;0;0;0;0;0
1368;908;0;0;0;0;0;0
1391;908;0;0;0;0;0;0
1414;908;0;0;0;0;0;0
1437;908;0;0;0;0;0;0
1460;908;0;0;0;0;0;0
1483;908;0;0;0;0;0;0
1506;908;0;0;0;0;0;0
1529;908;0;0;0;0;0;0
1552;908;0;0;0;0;0;0
1575;908;0;0;0;0;0;0
1598;908;0;0;0;0;0;0
1621;908;0;0;0;0;0;0
655;931;0;0;0;0;0;0
678;931;0;0;0;0;0;0
701;931;0;0;0;0;0;0
724;931;0;0;0;0;0;0
747;931;0;0;0;0;0;0
770;931;0;0;0;0;0;0
793;931;0;0;0;0;0;0
816;931;0;0;0;0;0;0
839;931;0;0;0;0;0;0
862;931;0;0;0;0;0;0
885;931;0;0;0;0;0;0
908;931;0;0;0;0;0;0
931;931;0;0;0;0;0;0
954;931;0;0;0;0;0;0
977;931;0;0;0;0;0;0
1000;931;0;0;0;0;0;0
1023;931;0;0;0;0;0;0
1046;931;0;0;0;0;0;0
1069;931;0;0;0;0;0;0
1092;931;0;0;0;0;0;0
1115;931;0;0;0;0;0;0
1138;931;0;0;0;0;0;0
1161;931;0;0;0;0;0;0
1184;931;0;0;0;0;0;0
1207;931;0;0;0;0;0;0
1230;931;0;0;0;0;0;0
1253;931;0;0;0;0;0;0
1276;931;0;0;0;0;0;0
1299;931;0;0;0;0;0;0
1322;931;0;0;0;0;0;0
1345;931;0;0;0;0;0;0
1368;931;0;0;0;0;0;0
1391;931;0;0;0;0;0;0
1414;931;0;0;0;0;0;0
1437;931;0;0;0;0;0;0
1460;931;0;0;0;0;0;0
1483;931;0;0;0;0;0;0
1506;931;0;0;0;0;0;0
1529;931;0;0;0;0;0;0
1552;931;0;0;0;0;0;0
1575;931;0;0;0;0;0;0
1598;931;0;0;0;0;0;0
1621;931;0;0;0;0;0;0
655;954;0;0;0;0;0;0
678;954;0;0;0;0;0;0
701;954;0;0;0;0;0;0
724;954;0;0;0;0;0;0
747;954;0;0;0;0;0;0
770;954;0;0;0;0;0;0
793;954;0;0;0;0;0;0
816;954;0;0;0;0;0;0
839;954;0;0;0;0;0;0
862;954;0;0;0;0;0;0
885;954;0;0;0;0;0;0
908;954;0;0;0;0;0;0
931;954;0;0;0;0;0;0
954;954;0;0;0;0;0;0
977;954;0;0;0;0;0;0
1000;954;0;0;0;0;0;0
1023;954;0;0;0;0;0;0
1046;954;0;0;0;0;0;0
1069;954;0;0;0;0;0;0
1092;954;0;0;0;0;0;0
1115;954;0;0;0;0;0;0
1138;954;0;0;0;0;0;0
1161;954;0;0;0;0;0;0
1184;954;0;0;0;0;0;0
1207;954;0;0;0;0;0;0
1230;954;0;0;0;0;0;0
1253;954;0;0;0;0;0;0
1276;954;0;0;0;0;0;0
1299;954;0;0;0;0;0;0
1322;954;0;0;0;0;0;0
1345;954;0;0;0;0;0;0
1368;954;0;0;0;0;0;0
1391;954;0;0;0;0;0;0
1414;954;0;0;0;0;0;0
1437;954;0;0;0;0;0;0
1460;954;0;0;0;0;0;0
1483;954;0;0;0;0;0;0
1506;954;0;0;0;0;0;0
1529;954;0;0;0;0;0;0
1552;954;0;0;0;0;0;0
1575;954;0;0;0;0;0;0
1598;954;0;0;0;0;0;0
1621;954;0;0;0;0;0;0
655;977;0;0;0;0;0;0
678;977;0;0;0;0;0;0
701;977;0;0;0;0;0;0
724;977;0;0;0;0;0;0
747;977;0;0;0;0;0;0
770;977;0;0;0;0;0;0
793;977;0;0;0;0;0;0
816;977;0;0;0;0;0;0
839;977;0;0;0;0;0;0
862;977;0;0;0;0;0;0
885;977;0;0;0;0;0;0
908;977;0;0;0;0;0;0
931;977;0;0;0;0;0;0
954;977;0;0;0;0;0;0
977;977;0;0;0;0;0;0
1000;977;0;0;0;0;0;0
1023;977;0;0;0;0;0;0
1046;977;0;0;0;0;0;0
1069;977;0;0;0;0;0;0
1092;977;0;0;0;0;0;0
1115;977;0;0;0;0;0;0
1138;977;0;0;0;0;0;0
1161;977;0;0;0;0;0;0
1184;977;0;0;0;0;0;0
1207;977;0;0;0;0;0;0
1230;977;0;0;0;0;0;0
1253;977;0;0;0;0;0;0
1276;977;0;0;0;0;0;0
1299;977;0;0;0;0;0;0
1322;977;0;0;0;0;0;0
1345;977;0;0;0;0;0;0
1368;977;0;0;0;0;0;0
1391;977;0;0;0;0;0;0
1414;977;0;0;0;0;0;0
1437;977;0;0;0;0;0;0
1460;977;0;0;0;0;0;0
1483;977;0;0;0;0;0;0
1506;977;0;0;0;0;0;0
1529;977;0;0;0;0;0;0
1552;977;0;0;0;0;0;0
1575;977;0;0;0;0;0;0
1598;977;0;0;0;0;0;0
1621;977;0;0;0;0;0;0
655;1000;0;0;0;0;0;0
678;1000;0;0;0;0;0;0
701;1000;0;0;0;0;0;0
724;1000;0;0;0;0;0;0
747;1000;0;0;0;0;0;0
770;1000;0;0;0;0;0;0
793;1000;0;0;0;0;0;0
816;1000;0;0;0;0;0;0
839;1000;0;0;0;0;0;0
862;1000;0;0;0;0;0;0
885;1000;0;0;0;0;0;0
908;1000;0;0;0;0;0;0
931;1000;0;0;0;0;0;0
954;1000;0;0;0;0;0;0
977;1000;0;0;0;0;0;0
1000;1000;0;0;0;0;0;0
1023;1000;0;0;0;0;0;0
1046;1000;0;0;0;0;0;0
1069;1000;0;0;0;0;0;0
1092;1000;0;0;0;0;0;0
1115;1000;0;0;0;0;0;0
1138;1000;0;0;0;0;0;0
1161;1000;0;0;0;0;0;0
1184;1000;0;0;0;0;0;0
1207;1000;0;0;0;0;0;0
1230;1000;0;0;0;0;0;0
1253;1000;0;0;0;0;0;0
1276;1000;0;0;0;0;0;0
1299;1000;0;0;0;0;0;0
1322;1000;0;0;0;0;0;0
1345;1000;0;0;0;0;0;0
1368;1000;0;0;0;0;0;0
1391;1000;0;0;0;0;0;0
1414;1000;0;0;0;0;0;0
1437;1000;0;0;0;0;0;0
1460;1000;0;0;0;0;0;0
1483;1000;0;0;0;0;0;0
1506;1000;0;0;0;0;0;0
1529;1000;0;0;0;0;0;0
1552;1000;0;0;0;0;0;0
1575;1000;0;0;0;0;0;0
1598;1000;0;0;0;0;0;0
1621;1000;0;0;0;0;0;0
655;1023;0;0;0;0;0;0
678;1023;0;0;0;0;0;0
701;1023;0;0;0;0;0;0
724;1023;0;0;0;0;0;0
747;1023;0;0;0;0;0;0
770;1023;0;0;0;0;0;0
793;1023;0;0;0;0;0;0
816;1023;0;0;0;0;0;0
839;1023;0;0;0;0;0;0
862;1023;0;0;0;0;0;0
885;1023;0;0;0;0;0;0
908;1023;0;0;0;0;0;0
931;1023;0;0;0;0;0;0
954;1023;0;0;0;0;0;0
977;1023;0;0;0;0;0;0
1000;1023;0;0;0;0;0;0
1023;1023;0;0;0;0;0;0
1046;1023;0;0;0;0;0;0
1069;1023;0;0;0;0;0;0
1092;1023;0;0;0;0;0;0
1115;1023;0;0;0;0;0;0
1138;1023;0;0;0;0;0;0
1161;1023;0;0;0;0;0;0
1184;1023;0;0;0;0;0;0
1207;1023;0;0;0;0;0;0
1230;1023;0;0;0;0;0;0
1253;1023;0;0;0;0;0;0
1276;1023;0;0;0;0;0;0
1299;1023;0;0;0;0;0;0
1322;1023;0;0;0;0;0;0
1345;1023;0;0;0;0;0;0
1368;1023;0;0;0;0;0;0
1391;1023;0;0;0;0;0;0
1414;1023;0;0;0;0;0;0
1437;1023;0;0;0;0;0;0
1460;1023;0;0;0;0;0;0
1483;1023;0;0;0;0;0;0
1506;1023;0;0;0;0;0;0
1529;1023;0;0;0;0;0;0
1552;1023;0;0;0;0;0;0
1575;1023;0;0;0;0;0;0
1598;1023;0;0;0;0;0;0
1621;1023;0;0;0;0;0;0
655;1046;0;0;0;0;0;0
678;1046;0;0;0;0;0;0
701;1046;0;0;0;0;0;0
724;1046;0;0;0;0;0;0
747;1046;0;0;0;0;0;0
770;1046;0;0;0;0;0;0
793;1046;0;0;0;0;0;0
816;1046;0;0;0;0;0;0
839;1046;0;0;0;0;0;0
862;1046;0;0;0;0;0;0
885;1046;0;0;0;0;0;0
908;1046;0;0;0;0;0;0
931;1046;0;0;0;0;0;0
954;1046;0;0;0;0;0;0
977;1046;0;0;0;0;0;0
1000;1046;0;0;0;0;0;0
1023;1046;0;0;0;0;0;0
1046;1046;0;0;0;0;0;0
1069;1046;0;0;0;0;0;0
1092;1046;0;0;0;0;0;0
1115;1046;0;0;0;0;0;0
1138;1046;0;0;0;0;0;0
1161;1046;0;0;0;0;0;0
1184;1046;0;0;0;0;0;0
1207;1046;0;0;0;0;0;0
1230;1046;0;0;0;0;0;0
1253;1046;0;0;0;0;0;0
1276;1046;0;0;0;0;0;0
1299;1046;0;0;0;0;0;0
1322;1046;0;0;0;0;0;0
1345;1046;0;0;0;0;0;0
1368;1046;0;0;0;0;0;0
1391;1046;0;0;0;0;0;0
1414;1046;0;0;0;0;0;0
1437;1046;0;0;0;0;0;0
1460;1046;0;0;0;0;0;0
1483;1046;0;0;0;0;0;0
1506;1046;0;0;0;0;0;0
1529;1046;0;0;0;0;0;0
1552;1046;0;0;0;0;0;0
1575;1046;0;0;0;0;0;0
1598;1046;0;0;0;0;0;0
1621;1046;0;0;0;0;0;0
655;1069;0;0;0;0;0;0
678;1069;0;0;0;0;0;0
701;1069;0;0;0;0;0;0
724;1069;0;0;0;0;0;0
747;1069;0;0;0;0;0;0
770;1069;0;0;0;0;0;0
793;1069;0;0;0;0;0;0
816;1069;0;0;0;0;0;0
839;1069;0;0;0;0;0;0
862;1069;0;0;0;0;0;0
885;1069;0;0;0;0;0;0
908;1069;0;0;0;0;0;0
931;1069;0;0;0;0;0;0
954;1069;0;0;0;0;0;0
977;1069;0;0;0;0;0;0
1000;1069;0;0;0;0;0;0
1023;1069;0;0;0;0;0;0
1046;1069;0;0;0;0;0;0
1069;1069;0;0;0;0;0;0
1092;1069;0;0;0;0;0;0
1115;1069;0;0;0;0;0;0
1138;1069;0;0;0;0;0;0
1161;1069;0;0;0;0;0;0
1184;1069;0;0;0;0;0;0
1207;1069;0;0;0;0;0;0
1230;1069;0;0;0;0;0;0
1253;1069;0;0;0;0;0;0
1276;1069;0;0;0;0;0;0
1299;1069;0;0;0;0;0;0
1322;1069;0;0;0;0;0;0
1345;1069;0;0;0;0;0;0
1368;1069;0;0;0;0;0;0
1391;1069;0;0;0;0;0;0
1414;1069;0;0;0;0;0;0
1437;1069;0;0;0;0;0;0
1460;1069;0;0;0;0;0;0
1483;1069;0;0;0;0;0;0
1506;1069;0;0;0;0;0;0
1529;1069;0;0;0;0;0;0
1552;1069;0;0;0;0;0;0
1575;1069;0;0;0;0;0;0
1598;1069;0;0;0;0;0;0
1621;1069;0;0;0;0;0;0
655;1092;0;0;0;0;0;0
678;1092;0;0;0;0;0;0
701;1092;0;0;0;0;0;0
724;1092;0;0;0;0;0;0
747;1092;0;0;0;0;0;0
770;1092;0;0;0;0;0;0
793;1092;0;0;0;0;0;0
816;1092;0;0;0;0;0;0
839;1092;0;0;0;0;0;0
862;1092;0;0;0;0;0;0
885;1092;0;0;0;0;0;0
908;1092;0;0;0;0;0;0
931;1092;0;0;0;0;0;0
954;1092;0;0;0;0;0;0
977;1092;0;0;0;0;0;0
1000;1092;0;0;0;0;0;0
1023;1092;0;0;0;0;0;0
1046;1092;0;0;0;0;0;0
1069;1092;0;0;0;0;0;0
1092;1092;0;0;0;0;0;0
1115;1092;0;0;0;0;0;0
1138;1092;0;0;0;0;0;0
1161;1092;0;0;0;0;0;0
1184;1092;0;0;0;0;0;0
1207;1092;0;0;0;0;0;0
1230;1092;0;0;0;0;0;0
1253;1092;0;0;0;0;0;0
1276;1092;0;0;0;0;0;0
1299;1092;0;0;0;0;0;0
1322;1092;0;0;0;0;0;0
1345;1092;0;0;0;0;0;0
1368;1092;0;0;0;0;0;0
1391;1092;0;0;0;0;0;0
1414;1092;0;0;0;0;0;0
1437;1092;0;0;0;0;0;0
1460;1092;0;0;0;0;0;0
1483;1092;0;0;0;0;0;0
1506;1092;0;0;0;0;0;0
1529;1092;0;0;0;0;0;0
1552;1092;0;0;0;0;0;0
1575;1092;0;0;0;0;0;0
1598;1092;0;0;0;0;0;0
1621;1092;0;0;0;0;0;0
655;1115;0;0;0;0;0;0
678;1115;0;0;0;0;0;0
701;1115;0;0;0;0;0;0
724;1115;0;0;0;0;0;0
747;1115;0;0;0;0;0;0
770;1115;0;0;0;0;0;0
793;1115;0;0;0;0;0;0
816;1115;0;0;0;0;0;0
839;1115;0;0;0;0;0;0
862;1115;0;0;0;0;0;0
885;1115;0;0;0;0;0;0
908;1115;0;0;0;0;0;0
931;1115;0;0;0;0;0;0
954;1115;0;0;0;0;0;0
977;1115;0;0;0;0;0;0
1000;1115;0;0;0;0;0;0
1023;1115;0;0;0;0;0;0
1046;1115;0;0;0;0;0;0
1069;1115;0;0;0;0;0;0
1092;1115;0;0;0;0;0;0
1115;1115;0;0;0;0;0;0
1138;1115;0;0;0;0;0;0
1161;1115;0;0;0;0;0;0
1184;1115;0;0;0;0;0;0
1207;1115;0;0;0;0;0;0
1230;1115;0;0;0;0;0;0
1253;1115;0;0;0;0;0;0
1276;1115;0;0;0;0;0;0
1299;1115;0;0;0;0;0;0
1322;1115;0;0;0;0;0;0
1345;1115;0;0;0;0;0;0
1368;1115;0;0;0;0;0;0
1391;1115;0;0;0;0;0;0
1414;1115;0;0;0;0;0;0
1437;1115;0;0;0;0;0;0
1460;1115;0;0;0;0;0;0
1483;1115;0;0;0;0;0;0
1506;1115;0;0;0;0;0;0
1529;1115;0;0;0;0;0;0
1552;1115;0;0;0;0;0;0
1575;1115;0;0;0;0;0;0
1598;1115;0;0;0;0;0;0
1621;1115;0;0;0;0;0;0
655;1138;0;0;0;0;0;0
678;1138;0;0;0;0;0;0
701;1138;0;0;0;0;0;0
724;1138;0;0;0;0;0;0
747;1138;0;0;0;0;0;0
770;1138;0;0;0;0;0;0
793;1138;0;0;0;0;0;0
816;1138;0;0;0;0;0;0
839;1138;0;0;0;0;0;0
862;1138;0;0;0;0;0;0
885;1138;0;0;0;0;0;0
908;1138;0;0;0;0;0;0
931;1138;0;0;0;0;0;0
954;1138;0;0;0;0;0;0
977;1138;0;0;0;0;0;0
1000;1138;0;0;0;0;0;0
1023;1138;0;0;0;0;0;0
1046;1138;0;0;0;0;0;0
1069;1138;0;0;0;0;0;0
1092;1138;0;0;0;0;0;0
1115;1138;0;0;0;0;0;0
1138;1138;0;0;0;0;0;0
1161;1138;0;0;0;0;0;0
1184;1138;0;0;0;0;0;0
1207;1138;0;0;0;0;0;0
1230;1138;0;0;0;0;0;0
1253;1138;0;0;0;0;0;0
1276;1138;0;0;0;0;0;0
1299;1138;0;0;0;0;0;0
1322;1138;0;0;0;0;0;0
1345;1138;0;0;0;0;0;0
1368;1138;0;0;0;0;0;0
1391;1138;0;0;0;0;0;0
1414;1138;0;0;0;0;0;0
1437;1138;0;0;0;0;0;0
1460;1138;0;0;0;0;0;0
1483;1138;0;0;0;0;0;0
1506;1138;0;0;0;0;0;0
1529;1138;0;0;0;0;0;0
1552;1138;0;0;0;0;0;0
1575;1138;0;0;0;0;0;0
1598;1138;0;0;0;0;0;0
1621;1138;0;0;0;0;0;0
655;1161;0;0;0;0;0;0
678;1161;0;0;0;0;0;0
701;1161;0;0;0;0;0;0
724;1161;0;0;0;0;0;0
747;1161;0;0;0;0;0;0
770;1161;0;0;0;0;0;0
793;1161;0;0;0;0;0;0
816;1161;0;0;0;0;0;0
839;1161;0;0;0;0;0;0
862;1161;0;0;0;0;0;0
885;1161;0;0;0;0;0;0
908;1161;0;0;0;0;0;0
931;1161;0;0;0;0;0;0
954;1161;0;0;0;0;0;0
977;1161;0;0;0;0;0;0
1000;1161;0;0;0;0;0;0
1023;1161;0;0;0;0;0;0
1046;1161;0;0;0;0;0;0
1069;1161;0;0;0;0;0;0
1092;1161;0;0;0;0;0;0
1115;1161;0;0;0;0;0;0
1138;1161;0;0;0;0;0;0
1161;1161;0;0;0;0;0;0
1184;1161;0;0;0;0;0;0
1207;1161;0;0;0;0;0;0
1230;1161;0;0;0;0;0;0
1253;1161;0;0;0;0;0;0
1276;1161;0;0;0;0;0;0
1299;1161;0;0;0;0;0;0
1322;1161;0;0;0;0;0;0
1345;1161;0;0;0;0;0;0
1368;1161;0;0;0;0;0;0
1391;1161;0;0;0;0;0;0
1414;1161;0;0;0;0;0;0
1437;1161;0;0;0;0;0;0
1460;1161;0;0;0;0;0;0
1483;1161;0;0;0;0;0;0
1506;1161;0;0;0;0;0;0
1529;1161;0;0;0;0;0;0
1552;1161;0;0;0;0;0;0
1575;1161;0;0;0;0;0;0
1598;1161;0;0;0;0;0;0
1621;1161;0;0;0;0;0;0
655;1184;0;0;0;0;0;0
678;1184;0;0;0;0;0;0
701;1184;0;0;0;0;0;0
724;1184;0;0;0;0;0;0
747;1184;0;0;0;0;0;0
770;1184;0;0;0;0;0;0
793;1184;0;0;0;0;0;0
816;1184;0;0;0;0;0;0
839;1184;0;0;0;0;0;0
862;1184;0;0;0;0;0;0
885;1184;0;0;0;0;0;0
908;1184;0;0;0;0;0;0
931;1184;0;0;0;0;0;0
954;1184;0;0;0;0;0;0
977;1184;0;0;0;0;0;0
1000;1184;0;0;0;0;0;0
1023;1184;0;0;0;0;0;0
1046;1184;0;0;0;0;0;0
1069;1184;0;0;0;0;0;0
1092;1184;0;0;0;0;0;0
1115;1184;0;0;0;0;0;0
1138;1184;0;0;0;0;0;0
1161;1184;0;0;0;0;0;0
1184;1184;0;0;0;0;0;0
1207;1184;0;0;0;0;0;0
1230;1184;0;0;0;0;0;0
1253;1184;0;0;0;0;0;0
1276;1184;0;0;0;0;0;0
1299;1184;0;0;0;0;0;0
1322;1184;0;0;0;0;0;0
1345;1184;0;0;0;0;0;0
1368;1184;0;0;0;0;0;0
1391;1184;0;0;0;0;0;0
1414;1184;0;0;0;0;0;0
1437;1184;0;0;0;0;0;0
1460;1184;0;0;0;0;0;0
1483;1184;0;0;0;0;0;0
1506;1184;0;0;0;0;0;0
1529;1184;0;0;0;0;0;0
1552;1184;0;0;0;0;0;0
1575;1184;0;0;0;0;0;0
1598;1184;0;0;0;0;0;0
1621;1184;0;0;0;0;0;0
655;1207;0;0;0;0;0;0
678;1207;0;0;0;0;0;0
701;1207;0;0;0;0;0;0
724;1207;0;0;0;0;0;0
747;1207;0;0;0;0;0;0
770;1207;0;0;0;0;0;0
793;1207;0;0;0;0;0;0
816;1207;0;0;0;0;0;0
839;1207;0;0;0;0;0;0
862;1207;0;0;0;0;0;0
885;1207;0;0;0;0;0;0
908;1207;0;0;0;0;0;0
931;1207;0;0;0;0;0;0
954;1207;0;0;0;0;0;0
977;1207;0;0;0;0;0;0
1000;1207;0;0;0;0;0;0
1023;1207;0;0;0;0;0;0
1046;1207;0;0;0;0;0;0
1069;1207;0;0;0;0;0;0
1092;1207;0;0;0;0;0;0
1115;1207;0;0;0;0;0;0
1138;1207;0;0;0;0;0;0
1161;1207;0;0;0;0;0;0
1184;1207;0;0;0;0;0;0
1207;1207;0;0;0;0;0;0
1230;1207;0;0;0;0;0;0
1253;1207;0;0;0;0;0;0
1276;1207;0;0;0;0;0;0
1299;1207;0;0;0;0;0;0
1322;1207;0;0;0;0;0;0
1345;1207;0;0;0;0;0;0
1368;1207;0;0;0;0;0;0
1391;1207;0;0;0;0;0;0
1414;1207;0;0;0;0;0;0
1437;1207;0;0;0;0;0;0
1460;1207;0;0;0;0;0;0
1483;1207;0;0;0;0;0;0
1506;1207;0;0;0;0;0;0
1529;1207;0;0;0;0;0;0
1552;1207;0;0;0;0;0;0
1575;1207;0;0;0;0;0;0
1598;1207;0;0;0;0;0;0
1621;1207;0;0;0;0;0;0
655;1230;0;0;0;0;0;0
678;1230;0;0;0;0;0;0
701;1230;0;0;0;0;0;0
724;1230;0;0;0;0;0;0
747;1230;0;0;0;0;0;0
770;1230;0;0;0;0;0;0
793;1230;0;0;0;0;0;0
816;1230;0;0;0;0;0;0
839;1230;0;0;0;0;0;0
862;1230;0;0;0;0;0;0
885;1230;0;0;0;0;0;0
908;1230;0;0;0;0;0;0
931;1230;0;0;0;0;0;0
954;1230;0;0;0;0;0;0
977;1230;0;0;0;0;0;0
1000;1230;0;0;0;0;0;0
1023;1230;0;0;0;0;0;0
1046;1230;0;0;0;0;0;0
1069;1230;0;0;0;0;0;0
1092;1230;0;0;0;0;0;0
1115;1230;0;0;0;0;0;0
1138;1230;0;0;0;0;0;0
1161;1230;0;0;0;0;0;0
1184;1230;0;0;0;0;0;0
1207;1230;0;0;0;0;0;0
1230;1230;0;0;0;0;0;0
1253;1230;0;0;0;0;0;0
1276;1230;0;0;0;0;0;0
1299;1230;0;0;0;0;0;0
1322;1230;0;0;0;0;0;0
1345;1230;0;0;0;0;0;0
1368;1230;0;0;0;0;0;0
1391;1230;0;0;0;0;0;0
1414;1230;0;0;0;0;0;0
1437;1230;0;0;0;0;0;0
1460;1230;0;0;0;0;0;0
1483;1230;0;0;0;0;0;0
1506;1230;0;0;0;0;0;0
1529;1230;0;0;0;0;0;0
1552;1230;0;0;0;0;0;0
1575;1230;0;0;0;0;0;0
1598;1230;0;0;0;0;0;0
1621;1230;0;0;0;0;0;0
655;1253;0;0;0;0;0;0
678;1253;0;0;0;0;0;0
701;1253;0;0;0;0;0;0
724;1253;0;0;0;0;0;0
747;1253;0;0;0;0;0;0
770;1253;0;0;0;0;0;0
793;1253;0;0;0;0;0;0
816;1253;0;0;0;0;0;0
839;1253;0;0;0;0;0;0
862;1253;0;0;0;0;0;0
885;1253;0;0;0;0;0;0
908;1253;0;0;0;0;0;0
931;1253;0;0;0;0;0;0
954;1253;0;0;0;0;0;0
977;1253;0;0;0;0;0;0
1000;1253;0;0;0;0;0;0
1023;1253;0;0;0;0;0;0
1046;1253;0;0;0;0;0;0
1069;1253;0;0;0;0;0;0
1092;1253;0;0;0;0;0;0
1115;1253;0;0;0;0;0;0
1138;1253;0;0;0;0;0;0
1161;1253;0;0;0;0;0;0
1184;1253;0;0;0;0;0;0
1207;1253;0;0;0;0;0;0
1230;1253;0;0;0;0;0;0
1253;1253;0;0;0;0;0;0
1276;1253;0;0;0;0;0;0
1299;1253;0;0;0;0;0;0
1322;1253;0;0;0;0;0;0
1345;1253;0;0;0;0;0;0
1368;1253;0;0;0;0;0;0
1391;1253;0;0;0;0;0;0
1414;1253;0;0;0;0;0;0
1437;1253;0;0;0;0;0;0
1460;1253;0;0;0;0;0;0
1483;1253;0;0;0;0;0;0
1506;1253;0;0;0;0;0;0
1529;1253;0;0;0;0;0;0
1552;1253;0;0;0;0;0;0
1575;1253;0;0;0;0;0;0
1598;1253;0;0;0;0;0;0
1621;1253;0;0;0;0;0;0
655;1276;0;0;0;0;0;0
678;1276;0;0;0;0;0;0
701;1276;0;0;0;0;0;0
724;1276;0;0;0;0;0;0
747;1276;0;0;0;0;0;0
770;1276;0;0;0;0;0;0
793;1276;0;0;0;0;0;0
816;1276;0;0;0;0;0;0
839;1276;0;0;0;0;0;0
862;1276;0;0;0;0;0;0
885;1276;0;0;0;0;0;0
908;1276;0;0;0;0;0;0
931;1276;0;0;0;0;0;0
954;1276;0;0;0;0;0;0
977;1276;0;0;0;0;0;0
1000;1276;0;0;0;0;0;0
1023;1276;0;0;0;0;0;0
1046;1276;0;0;0;0;0;0
1069;1276;0;0;0;0;0;0
1092;1276;0;0;0;0;0;0
1115;1276;0;0;0;0;0;0
1138;1276;0;0;0;0;0;0
1161;1276;0;0;0;0;0;0
1184;1276;0;0;0;0;0;0
1207;1276;0;0;0;0;0;0
1230;1276;0;0;0;0;0;0
1253;1276;0;0;0;0;0;0
1276;1276;0;0;0;0;0;0
1299;1276;0;0;0;0;0;0
1322;1276;0;0;0;0;0;0
1345;1276;0;0;0;0;0;0
1368;1276;0;0;0;0;0;0
1391;1276;0;0;0;0;0;0
1414;1276;0;0;0;0;0;0
1437;1276;0;0;0;0;0;0
1460;1276;0;0;0;0;0;0
1483;1276;0;0;0;0;0;0
1506;1276;0;0;0;0;0;0
1529;1276;0;0;0;0;0;0
1552;1276;0;0;0;0;0;0
1575;1276;0;0;0;0;0;0
1598;1276;0;0;0;0;0;0
1621;1276;0;0;0;0;0;0
655;1299;0;0;0;0;0;0
678;1299;0;0;0;0;0;0
701;1299;0;0;0;0;0;0
724;1299;0;0;0;0;0;0
747;1299;0;0;0;0;0;0
770;1299;0;0;0;0;0;0
793;1299;0;0;0;0;0;0
816;1299;0;0;0;0;0;0
839;1299;0;0;0;0;0;0
862;1299;0;0;0;0;0;0
885;1299;0;0;0;0;0;0
908;1299;0;0;0;0;0;0
931;1299;0;0;0;0;0;0
954;1299;0;0;0;0;0;0
977;1299;0;0;0;0;0;0
1000;1299;0;0;0;0;0;0
1023;1299;0;0;0;0;0;0
1046;1299;0;0;0;0;0;0
1069;1299;0;0;0;0;0;0
1092;1299;0;0;0;0;0;0
1115;1299;0;0;0;0;0;0
1138;1299;0;0;0;0;0;0
1161;1299;0;0;0;0;0;0
1184;1299;0;0;0;0;0;0
1207;1299;0;0;0;0;0;0
1230;1299;0;0;0;0;0;0
1253;1299;0;0;0;0;0;0
1276;1299;0;0;0;0;0;0
1299;1299;0;0;0;0;0;0
1322;1299;0;0;0;0;0;0
1345;1299;0;0;0;0;0;0
1368;1299;0;0;0;0;0;0
1391;1299;0;0;0;0;0;0
1414;1299;0;0;0;0;0;0
1437;1299;0;0;0;0;0;0
1460;1299;0;0;0;0;0;0
1483;1299;0;0;0;0;0;0
1506;1299;0;0;0;0;0;0
1529;1299;0;0;0;0;0;0
1552;1299;0;0;0;0;0;0
1575;1299;0;0;0;0;0;0
1598;1299;0;0;0;0;0;0
1621;1299;0;0;0;0;0;0
655;1322;0;0;0;0;0;0
678;1322;0;0;0;0;0;0
701;1322;0;0;0;0;0;0
724;1322;0;0;0;0;0;0
747;1322;0;0;0;0;0;0
770;1322;0;0;0;0;0;0
793;1322;0;0;0;0;0;0
816;1322;0;0;0;0;0;0
839;1322;0;0;0;0;0;0
862;1322;0;0;0;0;0;0
885;1322;0;0;0;0;0;0
908;1322;0;0;0;0;0;0
931;1322;0;0;0;0;0;0
954;1322;0;0;0;0;0;0
977;1322;0;0;0;0;0;0
1000;1322;0;0;0;0;0;0
1023;1322;0;0;0;0;0;0
1046;1322;0;0;0;0;0;0
1069;1322;0;0;0;0;0;0
1092;1322;0;0;0;0;0;0
1115;1322;0;0;0;0;0;0
1138;1322;0;0;0;0;0;0
1161;1322;0;0;0;0;0;0
1184;1322;0;0;0;0;0;0
1207;1322;0;0;0;0;0;0
1230;1322;0;0;0;0;0;0
1253;1322;0;0;0;0;0;0
1276;1322;0;0;0;0;0;0
1299;1322;0;0;0;0;0;0
1322;1322;0;0;0;0;0;0
1345;1322;0;0;0;0;0;0
1368;1322;0;0;0;0;0;0
1391;1322;0;0;0;0;0;0
1414;1322;0;0;0;0;0;0
1437;1322;0;0;0;0;0;0
1460;1322;0;0;0;0;0;0
1483;1322;0;0;0;0;0;0
1506;1322;0;0;0;0;0;0
1529;1322;0;0;0;0;0;0
1552;1322;0;0;0;0;0;0
1575;1322;0;0;0;0;0;0
1598;1322;0;0;0;0;0;0
1621;1322;0;0;0;0;0;0
655;1345;0;0;0;0;0;0
678;1345;0;0;0;0;0;0
701;1345;0;0;0;0;0;0
724;1345;0;0;0;0;0;0
747;1345;0;0;0;0;0;0
770;1345;0;0;0;0;0;0
793;1345;0;0;0;0;0;0
816;1345;0;0;0;0;0;0
839;1345;0;0;0;0;0;0
862;1345;0;0;0;0;0;0
885;1345;0;0;0;0;0;0
908;1345;0;0;0;0;0;0
931;1345;0;0;0;0;0;0
954;1345;0;0;0;0;0;0
977;1345;0;0;0;0;0;0
1000;1345;0;0;0;0;0;0
1023;1345;0;0;0;0;0;0
1046;1345;0;0;0;0;0;0
1069;1345;0;0;0;0;0;0
1092;1345;0;0;0;0;0;0
1115;1345;0;0;0;0;0;0
1138;1345;0;0;0;0;0;0
1161;1345;0;0;0;0;0;0
1184;1345;0;0;0;0;0;0
1207;1345;0;0;0;0;0;0
1230;1345;0;0;0;0;0;0
1253;1345;0;0;0;0;0;0
1276;1345;0;0;0;0;0;0
1299;1345;0;0;0;0;0;0
1322;1345;0;0;0;0;0;0
1345;1345;0;0;0;0;0;0
1368;1345;0;0;0;0;0;0
1391;1345;0;0;0;0;0;0
1414;1345;0;0;0;0;0;0
1437;1345;0;0;0;0;0;0
1460;1345;0;0;0;0;0;0
1483;1345;0;0;0;0;0;0
1506;1345;0;0;0;0;0;0
1529;1345;0;0;0;0;0;0
1552;1345;0;0;0;0;0;0
1575;1345;0;0;0;0;0;0
1598;1345;0;0;0;0;0;0
1621;1345;0;0;0;0;0;0
655;1368;0;0;0;0;0;0
678;1368;0;0;0;0;0;0
701;1368;0;0;0;0;0;0
724;1368;0;0;0;0;0;0
747;1368;0;0;0;0;0;0
770;1368;0;0;0;0;0;0
793;1368;0;0;0;0;0;0
816;1368;0;0;0;0;0;0
839;1368;0;0;0;0;0;0
862;1368;0;0;0;0;0;0
885;1368;0;0;0;0;0;0
908;1368;0;0;0;0;0;0
931;1368;0;0;0;0;0;0
954;1368;0;0;0;0;0;0
977;1368;0;0;0;0;0;0
1000;1368;0;0;0;0;0;0
1023;1368;0;0;0;0;0;0
1046;1368;0;0;0;0;0;0
1069;1368;0;0;0;0;0;0
1092;1368;0;0;0;0;0;0
1115;1368;0;0;0;0;0;0
1138;1368;0;0;0;0;0;0
1161;1368;0;0;0;0;0;0
1184;1368;0;0;0;0;0;0
1207;1368;0;0;0;0;0;0
1230;1368;0;0;0;0;0;0
1253;1368;0;0;0;0;0;0
1276;1368;0;0;0;0;0;0
1299;1368;0;0;0;0;0;0
1322;1368;0;0;0;0;0;0
1345;1368;0;0;0;0;0;0
1368;1368;0;0;0;0;0;0
1391;1368;0;0;0;0;0;0
1414;1368;0;0;0;0;0;0
1437;1368;0;0;0;0;0;0
1460;1368;0;0;0;0;0;0
1483;1368;0;0;0;0;0;0
1506;1368;0;0;0;0;0;0
1529;1368;0;0;0;0;0;0
1552;1368;0;0;0;0;0;0
1575;1368;0;0;0;0;0;0
1598;1368;0;0;0;0;0;0
1621;1368;0;0;0;0;0;0
655;1391;0;0;0;0;0;0
678;1391;0;0;0;0;0;0
701;1391;0;0;0;0;0;0
724;1391;0;0;0;0;0;0
747;1391;0;0;0;0;0;0
770;1391;0;0;0;0;0;0
793;1391;0;0;0;0;0;0
816;1391;0;0;0;0;0;0
839;1391;0;0;0;0;0;0
862;1391;0;0;0;0;0;0
885;1391;0;0;0;0;0;0
908;1391;0;0;0;0;0;0
931;1391;0;0;0;0;0;0
954;1391;0;0;0;0;0;0
977;1391;0;0;0;0;0;0
1000;1391;0;0;0;0;0;0
1023;1391;0;0;0;0;0;0
1046;1391;0;0;0;0;0;0
1069;1391;0;0;0;0;0;0
1092;1391;0;0;0;0;0;0
1115;1391;0;0;0;0;0;0
1138;1391;0;0;0;0;0;0
1161;1391;0;0;0;0;0;0
1184;1391;0;0;0;0;0;0
1207;1391;0;0;0;0;0;0
1230;1391;0;0;0;0;0;0
1253;1391;0;0;0;0;0;0
1276;1391;0;0;0;0;0;0
1299;1391;0;0;0;0;0;0
1322;1391;0;0;0;0;0;0
1345;1391;0;0;0;0;0;0
1368;1391;0;0;0;0;0;0
1391;1391;0;0;0;0;0;0
1414;1391;0;0;0;0;0;0
1437;1391;0;0;0;0;0;0
1460;1391;0;0;0;0;0;0
1483;1391;0;0;0;0;0;0
1506;1391;0;0;0;0;0;0
1529;1391;0;0;0;0;0;0
1552;1391;0;0;0;0;0;0
1575;1391;0;0;0;0;0;0
1598;1391;0;0;0;0;0;0
1621;1391;0;0;0;0;0;0
655;1414;0;0;0;0;0;0
678;1414;0;0;0;0;0;0
701;1414;0;0;0;0;0;0
724;1414;0;0;0;0;0;0
747;1414;0;0;0;0;0;0
770;1414;0;0;0;0;0;0
793;1414;0;0;0;0;0;0
816;1414;0;0;0;0;0;0
839;1414;0;0;0;0;0;0
862;1414;0;0;0;0;0;0
885;1414;0;0;0;0;0;0
908;1414;0;0;0;0;0;0
931;1414;0;0;0;0;0;0
954;1414;0;0;0;0;0;0
977;1414;0;0;0;0;0;0
1000;1414;0;0;0;0;0;0
1023;1414;0;0;0;0;0;0
1046;1414;0;0;0;0;0;0
1069;1414;0;0;0;0;0;0
1092;1414;0;0;0;0;0;0
1115;1414;0;0;0;0;0;0
1138;1414;0;0;0;0;0;0
1161;1414;0;0;0;0;0;0
1184;1414;0;0;0;0;0;0
1207;1414;0;0;0;0;0;0
1230;1414;0;0;0;0;0;0
1253;1414;0;0;0;0;0;0
1276;1414;0;0;0;0;0;0
1299;1414;0;0;0;0;0;0
1322;1414;0;0;0;0;0;0
1345;1414;0;0;0;0;0;0
1368;1414;0;0;0;0;0;0
1391;1414;0;0;0;0;0;0
1414;1414;0;0;0;0;0;0
1437;1414;0;0;0;0;0;0
1460;1414;0;0;0;0;0;0
1483;1414;0;0;0;0;0;0
1506;1414;0;0;0;0;0;0
1529;1414;0;0;0;0;0;0
1552;1414;0;0;0;0;0;0
1575;1414;0;0;0;0;0;0
1598;1414;0;0;0;0;0;0
1621;1414;0;0;0;0;0;0
655;1437;0;0;0;0;0;0
678;1437;0;0;0;0;0;0
701;1437;0;0;0;0;0;0
724;1437;0;0;0;0;0;0
747;1437;0;0;0;0;0;0
770;1437;0;0;0;0;0;0
793;1437;0;0;0;0;0;0
816;1437;0;0;0;0;0;0
839;1437;0;0;0;0;0;0
862;1437;0;0;0;0;0;0
885;1437;0;0;0;0;0;0
908;1437;0;0;0;0;0;0
931;1437;0;0;0;0;0;0
954;1437;0;0;0;0;0;0
977;1437;0;0;0;0;0;0
1000;1437;0;0;0;0;0;0
1023;1437;0;0;0;0;0;0
1046;1437;0;0;0;0;0;0
1069;1437;0;0;0;0;0;0
1092;1437;0;0;0;0;0;0
1115;1437;0;0;0;0;0;0
1138;1437;0;0;0;0;0;0
1161;1437;0;0;0;0;0;0
1184;1437;0;0;0;0;0;0
1207;1437;0;0;0;0;0;0
1230;1437;0;0;0;0;0;0
1253;1437;0;0;0;0;0;0
1276;1437;0;0;0;0;0;0
1299;1437;0;0;0;0;0;0
1322;1437;0;0;0;0;0;0
1345;1437;0;0;0;0;0;0
1368;1437;0;0;0;0;0;0
1391;1437;0;0;0;0;0;0
1414;1437;0;0;0;0;0;0
1437;1437;0;0;0;0;0;0
1460;1437;0;0;0;0;0;0
1483;1437;0;0;0;0;0;0
1506;1437;0;0;0;0;0;0
1529;1437;0;0;0;0;0;0
1552;1437;0;0;0;0;0;0
1575;1437;0;0;0;0;0;0
1598;1437;0;0;0;0;0;0
1621;1437;0;0;0;0;0;0
655;1460;0;0;0;0;0;0
678;1460;0;0;0;0;0;0
701;1460;0;0;0;0;0;0
724;1460;0;0;0;0;0;0
747;1460;0;0;0;0;0;0
770;1460;0;0;0;0;0;0
793;1460;0;0;0;0;0;0
816;1460;0;0;0;0;0;0
839;1460;0;0;0;0;0;0
862;1460;0;0;0;0;0;0
885;1460;0;0;0;0;0;0
908;1460;0;0;0;0;0;0
931;1460;0;0;0;0;0;0
954;1460;0;0;0;0;0;0
977;1460;0;0;0;0;0;0
1000;1460;0;0;0;0;0;0
1023;1460;0;0;0;0;0;0
1046;1460;0;0;0;0;0;0
1069;1460;0;0;0;0;0;0
1092;1460;0;0;0;0;0;0
1115;1460;0;0;0;0;0;0
1138;1460;0;0;0;0;0;0
1161;1460;0;0;0;0;0;0
1184;1460;0;0;0;0;0;0
1207;1460;0;0;0;0;0;0
1230;1460;0;0;0;0;0;0
1253;1460;0;0;0;0;0;0
1276;1460;0;0;0;0;0;0
1299;1460;0;0;0;0;0;0
1322;1460;0;0;0;0;0;0
1345;1460;0;0;0;0;0;0
1368;1460;0;0;0;0;0;0
1391;1460;0;0;0;0;0;0
1414;1460;0;0;0;0;0;0
1437;1460;0;0;0;0;0;0
1460;1460;0;0;0;0;0;0
1483;1460;0;0;0;0;0;0
1506;1460;0;0;0;0;0;0
1529;1460;0;0;0;0;0;0
1552;1460;0;0;0;0;0;0
1575;1460;0;0;0;0;0;0
1598;1460;0;0;0;0;0;0
1621;1460;0;0;0;0;0;0
655;1483;0;0;0;0;0;0
678;1483;0;0;0;0;0;0
701;1483;0;0;0;0;0;0
724;1483;0;0;0;0;0;0
747;1483;0;0;0;0;0;0
770;1483;0;0;0;0;0;0
793;1483;0;0;0;0;0;0
816;1483;0;0;0;0;0;0
839;1483;0;0;0;0;0;0
862;1483;0;0;0;0;0;0
885;1483;0;0;0;0;0;0
908;1483;0;0;0;0;0;0
931;1483;0;0;0;0;0;0
954;1483;0;0;0;0;0;0
977;1483;0;0;0;0;0;0
1000;1483;0;0;0;0;0;0
1023;1483;0;0;0;0;0;0
1046;1483;0;0;0;0;0;0
1069;1483;0;0;0;0;0;0
1092;1483;0;0;0;0;0;0
1115;1483;0;0;0;0;0;0
1138;1483;0;0;0;0;0;0
1161;1483;0;0;0;0;0;0
1184;1483;0;0;0;0;0;0
1207;1483;0;0;0;0;0;0
1230;1483;0;0;0;0;0;0
1253;1483;0;0;0;0;0;0
1276;1483;0;0;0;0;0;0
1299;1483;0;0;0;0;0;0
1322;1483;0;0;0;0;0;0
1345;1483;0;0;0;0;0;0
1368;1483;0;0;0;0;0;0
1391;1483;0;0;0;0;0;0
1414;1483;0;0;0;0;0;0
1437;1483;0;0;0;0;0;0
1460;1483;0;0;0;0;0;0
1483;1483;0;0;0;0;0;0
1506;1483;0;0;0;0;0;0
1529;1483;0;0;0;0;0;0
1552;1483;0;0;0;0;0;0
1575;1483;0;0;0;0;0;0
1598;1483;0;0;0;0;0;0
1621;1483;0;0;0;0;0;0
655;1506;0;0;0;0;0;0
678;1506;0;0;0;0;0;0
701;1506;0;0;0;0;0;0
724;1506;0;0;0;0;0;0
747;1506;0;0;0;0;0;0
770;1506;0;0;0;0;0;0
793;1506;0;0;0;0;0;0
816;1506;0;0;0;0;0;0
839;1506;0;0;0;0;0;0
862;1506;0;0;0;0;0;0
885;1506;0;0;0;0;0;0
908;1506;0;0;0;0;0;0
931;1506;0;0;0;0;0;0
954;1506;0;0;0;0;0;0
977;1506;0;0;0;0;0;0
1000;1506;0;0;0;0;0;0
1023;1506;0;0;0;0;0;0
1046;1506;0;0;0;0;0;0
1069;1506;0;0;0;0;0;0
1092;1506;0;0;0;0;0;0
1115;1506;0;0;0;0;0;0
1138;1506;0;0;0;0;0;0
1161;1506;0;0;0;0;0;0
1184;1506;0;0;0;0;0;0
1207;1506;0;0;0;0;0;0
1230;1506;0;0;0;0;0;0
1253;1506;0;0;0;0;0;0
1276;1506;0;0;0;0;0;0
1299;1506;0;0;0;0;0;0
1322;1506;0;0;0;0;0;0
1345;1506;0;0;0;0;0;0
1368;1506;0;0;0;0;0;0
1391;1506;0;0;0;0;0;0
1414;1506;0;0;0;0;0;0
1437;1506;0;0;0;0;0;0
1460;1506;0;0;0;0;0;0
1483;1506;0;0;0;0;0;0
1506;1506;0;0;0;0;0;0
1529;1506;0;0;0;0;0;0
1552;1506;0;0;0;0;0;0
1575;1506;0;0;0;0;0;0
1598;1506;0;0;0;0;0;0
1621;1506;0;0;0;0;0;0
655;1529;0;0;0;0;0;0
678;1529;0;0;0;0;0;0
701;1529;0;0;0;0;0;0
724;1529;0;0;0;0;0;0
747;1529;0;0;0;0;0;0
770;1529;0;0;0;0;0;0
793;1529;0;0;0;0;0;0
816;1529;0;0;0;0;0;0
839;1529;0;0;0;0;0;0
862;1529;0;0;0;0;0;0
885;1529;0;0;0;0;0;0
908;1529;0;0;0;0;0;0
931;1529;0;0;0;0;0;0
954;1529;0;0;0;0;0;0
977;1529;0;0;0;0;0;0
1000;1529;0;0;0;0;0;0
1023;1529;0;0;0;0;0;0
1046;1529;0;0;0;0;0;0
1069;1529;0;0;0;0;0;0
1092;1529;0;0;0;0;0;0
1115;1529;0;0;0;0;0;0
1138;1529;0;0;0;0;0;0
1161;1529;0;0;0;0;0;0
1184;1529;0;0;0;0;0;0
1207;1529;0;0;0;0;0;0
1230;1529;0;0;0;0;0;0
1253;1529;0;0;0;0;0;0
1276;1529;0;0;0;0;0;0
1299;1529;0;0;0;0;0;0
1322;1529;0;0;0;0;0;0
1345;1529;0;0;0;0;0;0
1368;1529;0;0;0;0;0;0
1391;1529;0;0;0;0;0;0
1414;1529;0;0;0;0;0;0
1437;1529;0;0;0;0;0;0
1460;1529;0;0;0;0;0;0
1483;1529;0;0;0;0;0;0
1506;1529;0;0;0;0;0;0
1529;1529;0;0;0;0;0;0
1552;1529;0;0;0;0;0;0
1575;1529;0;0;0;0;0;0
1598;1529;0;0;0;0;0;0
1621;1529;0;0;0;0;0;0
655;1552;0;0;0;0;0;0
678;1552;0;0;0;0;0;0
701;1552;0;0;0;0;0;0
724;1552;0;0;0;0;0;0
747;1552;0;0;0;0;0;0
770;1552;0;0;0;0;0;0
793;1552;0;0;0;0;0;0
816;1552;0;0;0;0;0;0
839;1552;0;0;0;0;0;0
862;1552;0;0;0;0;0;0
885;1552;0;0;0;0;0;0
908;1552;0;0;0;0;0;0
931;1552;0;0;0;0;0;0
954;1552;0;0;0;0;0;0
977;1552;0;0;0;0;0;0
1000;1552;0;0;0;0;0;0
1023;1552;0;0;0;0;0;0
1046;1552;0;0;0;0;0;0
1069;1552;0;0;0;0;0;0
1092;1552;0;0;0;0;0;0
1115;1552;0;0;0;0;0;0
1138;1552;0;0;0;0;0;0
1161;1552;0;0;0;0;0;0
1184;1552;0;0;0;0;0;0
1207;1552;0;0;0;0;0;0
1230;1552;0;0;0;0;0;0
1253;1552;0;0;0;0;0;0
1276;1552;0;0;0;0;0;0
1299;1552;0;0;0;0;0;0
1322;1552;0;0;0;0;0;0
1345;1552;0;0;0;0;0;0
1368;1552;0;0;0;0;0;0
1391;1552;0;0;0;0;0;0
1414;1552;0;0;0;0;0;0
1437;1552;0;0;0;0;0;0
1460;1552;0;0;0;0;0;0
1483;1552;0;0;0;0;0;0
1506;1552;0;0;0;0;0;0
1529;1552;0;0;0;0;0;0
1552;1552;0;0;0;0;0;0
1575;1552;0;0;0;0;0;0
1598;1552;0;0;0;0;0;0
1621;1552;0;0;0;0;0;0
655;1575;0;0;0;0;0;0
678;1575;0;0;0;0;0;0
701;1575;0;0;0;0;0;0
724;1575;0;0;0;0;0;0
747;1575;0;0;0;0;0;0
770;1575;0;0;0;0;0;0
793;1575;0;0;0;0;0;0
816;1575;0;0;0;0;0;0
839;1575;0;0;0;0;0;0
862;1575;0;0;0;0;0;0
885;1575;0;0;0;0;0;0
908;1575;0;0;0;0;0;0
931;1575;0;0;0;0;0;0
954;1575;0;0;0;0;0;0
977;1575;0;0;0;0;0;0
1000;1575;0;0;0;0;0;0
1023;1575;0;0;0;0;0;0
1046;1575;0;0;0;0;0;0
1069;1575;0;0;0;0;0;0
1092;1575;0;0;0;0;0;0
1115;1575;0;0;0;0;0;0
1138;1575;0;0;0;0;0;0
1161;1575;0;0;0;0;0;0
1184;1575;0;0;0;0;0;0
1207;1575;0;0;0;0;0;0
1230;1575;0;0;0;0;0;0
1253;1575;0;0;0;0;0;0
1276;1575;0;0;0;0;0;0
1299;1575;0;0;0;0;0;0
1322;1575;0;0;0;0;0;0
1345;1575;0;0;0;0;0;0
1368;1575;0;0;0;0;0;0
1391;1575;0;0;0;0;0;0
1414;1575;0;0;0;0;0;0
1437;1575;0;0;0;0;0;0
1460;1575;0;0;0;0;0;0
1483;1575;0;0;0;0;0;0
1506;1575;0;0;0;0;0;0
1529;1575;0;0;0;0;0;0
1552;1575;0;0;0;0;0;0
1575;1575;0;0;0;0;0;0
1598;1575;0;0;0;0;0;0
1621;1575;0;0;0;0;0;0
